price,timestamp
13700,2011-11-26
13440,2011-11-27
13350,2011-11-28
13350,2011-11-29
13500,2011-11-30
13590,2011-12-01
13610,2011-12-03
13623,2011-12-04
13550,2011-12-07
13493,2011-12-08
13450,2011-12-10
13530,2011-12-11
13630,2011-12-12
13770,2011-12-13
13710,2011-12-14
13730,2011-12-15
14080,2011-12-17
14500,2011-12-18
15300,2011-12-19
15150,2011-12-20
14230,2011-12-21
14304,2011-12-22
14800,2011-12-24
15250,2011-12-25
15150,2011-12-26
15200,2011-12-27
15220,2011-12-28
15388,2011-12-29
15900,2011-12-31
17400,2012-01-01
16200,2012-01-02
15800,2012-01-03
15980,2012-01-04
15979,2012-01-05
16550,2012-01-07
16900,2012-01-08
16900,2012-01-09
16920,2012-01-10
16950,2012-01-11
16914,2012-01-12
16900,2012-01-15
17400,2012-01-16
18200,2012-01-17
18200,2012-01-18
18790,2012-01-19
19300,2012-01-21
19100,2012-01-23
17000,2012-01-25
17100,2012-01-26
18300,2012-01-28
18300,2012-01-29
18300,2012-01-30
18300,2012-01-31
17830,2012-02-02
18500,2012-02-04
18800,2012-02-05
18900,2012-02-06
19200,2012-02-07
19350,2012-02-08
19350,2012-02-09
19000,2012-02-12
19350,2012-02-13
19500,2012-02-14
19600,2012-02-15
19560,2012-02-16
19200,2012-02-18
19400,2012-02-19
19450,2012-02-20
19350,2012-02-21
19350,2012-02-22
19333,2012-02-23
19300,2012-02-25
18700,2012-02-26
18500,2012-02-27
19200,2012-02-28
19250,2012-02-29
19250,2012-03-01
19000,2012-03-03
19100,2012-03-04
18950,2012-03-05
18850,2012-03-06
19000,2012-03-07
18800,2012-03-08
18700,2012-03-10
18850,2012-03-11
18800,2012-03-12
18600,2012-03-13
18500,2012-03-14
18520,2012-03-15
19150,2012-03-17
19123,2012-03-18
18900,2012-03-24
19000,2012-03-25
19000,2012-03-26
19200,2012-03-27
19200,2012-03-28
19190,2012-03-29
19000,2012-04-02
18950,2012-04-03
19000,2012-04-04
19000,2012-04-05
19010,2012-04-07
19000,2012-04-08
18650,2012-04-09
18800,2012-04-10
18840,2012-04-11
18812,2012-04-12
17300,2012-04-14
17800,2012-04-15
18000,2012-04-16
18240,2012-04-17
18180,2012-04-18
18065,2012-04-19
17950,2012-04-21
17790,2012-04-22
17580,2012-04-23
17519,2012-04-24
17185,2012-04-26
17340,2012-04-28
17250,2012-04-29
17100,2012-04-30
17090,2012-05-01
17050,2012-05-02
16792,2012-05-03
16720,2012-05-05
16640,2012-05-06
16550,2012-05-07
16500,2012-05-08
16190,2012-05-09
15936,2012-05-10
15750,2012-05-12
16250,2012-05-13
16690,2012-05-14
16380,2012-05-15
16650,2012-05-16
16789,2012-05-17
16760,2012-05-19
16850,2012-05-20
16690,2012-05-21
16710,2012-05-22
17600,2012-05-23
17630,2012-05-24
17200,2012-05-26
17300,2012-05-27
17600,2012-05-28
17680,2012-05-29
17700,2012-05-30
17700,2012-05-31
17700,2012-06-02
17700,2012-06-05
17850,2012-06-06
18130,2012-06-07
18210,2012-06-09
18150,2012-06-10
17900,2012-06-11
17600,2012-06-12
17800,2012-06-13
17830,2012-06-14
18000,2012-06-16
18000,2012-06-17
18280,2012-06-19
18300,2012-06-20
18760,2012-06-21
19050,2012-06-23
18950,2012-06-24
19200,2012-06-25
19400,2012-06-26
20150,2012-06-27
20150,2012-06-28
19530,2012-06-30
19430,2012-07-01
19760,2012-07-02
19680,2012-07-03
19511,2012-07-04
19100,2012-07-07
19130,2012-07-08
19360,2012-07-09
19140,2012-07-10
19220,2012-07-11
19215,2012-07-12
19020,2012-07-14
19200,2012-07-15
19090,2012-07-16
19150,2012-07-17
19100,2012-07-18
19100,2012-07-19
18990,2012-07-21
19080,2012-07-22
19210,2012-07-23
19290,2012-07-24
19570,2012-07-25
19573,2012-07-26
19470,2012-07-28
19680,2012-07-29
19710,2012-07-30
20070,2012-07-31
20190,2012-08-01
20190,2012-08-02
20440,2012-08-04
21460,2012-08-05
21980,2012-08-06
20850,2012-08-07
20950,2012-08-08
21272,2012-08-09
21480,2012-08-11
21300,2012-08-12
21210,2012-08-13
21070,2012-08-14
21260,2012-08-15
21251,2012-08-16
21240,2012-08-18
21360,2012-08-21
21630,2012-08-22
21701,2012-08-23
21730,2012-08-25
21960,2012-08-26
21940,2012-08-27
21940,2012-08-28
21831,2012-08-29
21914,2012-08-30
21590,2012-09-01
21730,2012-09-02
21820,2012-09-03
22180,2012-09-04
22210,2012-09-05
22376,2012-09-06
24480,2012-09-08
25600,2012-09-09
24750,2012-09-10
24734,2012-09-11
24195,2012-09-13
24470,2012-09-15
24930,2012-09-16
24360,2012-09-17
24280,2012-09-18
24380,2012-09-19
24473,2012-09-20
24760,2012-09-22
25200,2012-09-23
25480,2012-09-24
26300,2012-09-25
26900,2012-09-26
26950,2012-09-27
29800,2012-09-29
34700,2012-09-30
36100,2012-10-01
34000,2012-10-02
30000,2012-10-03
30000,2012-10-04
30000,2012-10-06
33400,2012-10-07
33000,2012-10-08
33000,2012-10-09
33250,2012-10-10
33948,2012-10-11
34000,2012-10-13
35200,2012-10-14
36000,2012-10-15
33350,2012-10-16
35300,2012-10-17
35840,2012-10-18
35400,2012-10-20
36000,2012-10-21
32700,2012-10-22
34000,2012-10-23
34000,2012-10-24
34000,2012-10-25
32900,2012-10-27
33400,2012-10-28
33000,2012-10-29
32900,2012-10-30
32900,2012-10-31
32900,2012-11-01
29500,2012-11-04
32000,2012-11-05
31800,2012-11-06
31800,2012-11-07
31800,2012-11-08
30700,2012-11-10
30500,2012-11-11
30000,2012-11-12
29800,2012-11-13
29800,2012-11-14
29800,2012-11-15
28500,2012-11-17
28000,2012-11-18
26500,2012-11-19
28400,2012-11-20
29000,2012-11-21
29000,2012-11-22
28000,2012-11-26
29000,2012-11-27
28700,2012-11-28
29050,2012-11-29
29300,2012-12-01
29300,2012-12-02
29100,2012-12-03
29300,2012-12-04
29300,2012-12-05
29300,2012-12-06
29000,2012-12-08
29800,2012-12-09
30100,2012-12-10
29950,2012-12-11
30200,2012-12-12
29730,2012-12-13
30000,2012-12-15
30330,2012-12-16
31100,2012-12-17
30850,2012-12-18
31000,2012-12-19
31100,2012-12-20
32400,2012-12-22
33320,2012-12-23
33320,2012-12-24
32750,2012-12-25
32600,2012-12-26
32580,2012-12-27
32300,2012-12-29
32400,2012-12-30
32400,2012-12-31
32450,2013-01-01
32378,2013-01-02
32460,2013-01-05
32350,2013-01-06
32660,2013-01-07
32850,2013-01-08
32800,2013-01-09
32800,2013-01-10
32900,2013-01-13
33050,2013-01-14
33050,2013-01-15
33050,2013-01-16
33323,2013-01-17
34100,2013-01-19
36190,2013-01-21
35600,2013-01-22
35250,2013-01-23
35423,2013-01-24
36520,2013-01-26
36500,2013-01-27
36600,2013-01-28
38900,2013-01-30
38830,2013-01-31
38100,2013-02-02
38250,2013-02-03
38500,2013-02-04
37150,2013-02-05
38200,2013-02-06
38410,2013-02-07
37950,2013-02-09
37200,2013-02-11
36500,2013-02-12
37500,2013-02-13
37370,2013-02-14
36800,2013-02-16
37100,2013-02-17
37250,2013-02-18
36900,2013-02-19
36750,2013-02-20
36752,2013-02-21
36750,2013-02-23
37460,2013-02-24
37650,2013-02-25
37050,2013-02-26
36750,2013-02-27
36613,2013-02-28
34900,2013-03-02
33050,2013-03-03
34400,2013-03-04
35900,2013-03-05
35700,2013-03-06
35620,2013-03-07
34750,2013-03-09
35100,2013-03-10
34750,2013-03-11
34400,2013-03-12
34000,2013-03-13
33400,2013-03-14
34100,2013-03-16
34050,2013-03-17
34505,2013-03-18
34958,2013-03-25
34321,2013-03-26
34077,2013-03-27
34218,2013-03-28
34244,2013-03-30
34867,2013-03-31
34475,2013-04-03
34949,2013-04-04
36350,2013-04-06
35400,2013-04-07
35400,2013-04-08
35150,2013-04-09
35050,2013-04-10
35098,2013-04-11
35127,2013-04-13
35050,2013-04-15
35250,2013-04-16
35300,2013-04-17
35290,2013-04-18
35350,2013-04-20
35500,2013-04-21
35600,2013-04-22
36400,2013-04-23
36150,2013-04-24
35904,2013-04-25
35850,2013-04-27
35900,2013-04-28
35800,2013-04-29
35700,2013-04-30
35550,2013-05-01
35562,2013-05-02
36000,2013-05-04
35700,2013-05-05
35600,2013-05-06
35450,2013-05-07
35350,2013-05-08
34777,2013-05-09
34900,2013-05-11
35300,2013-05-12
35250,2013-05-13
35050,2013-05-14
35150,2013-05-15
35055,2013-05-16
34750,2013-05-18
34700,2013-05-19
34900,2013-05-20
35650,2013-05-21
35450,2013-05-22
35661,2013-05-23
36150,2013-05-25
36280,2013-05-26
36850,2013-05-27
36580,2013-05-28
36200,2013-05-29
36340,2013-05-30
36280,2013-06-01
36350,2013-06-02
36478,2013-06-03
36459,2013-06-06
36300,2013-06-08
36200,2013-06-09
35850,2013-06-10
36450,2013-06-11
36300,2013-06-12
35660,2013-06-13
35100,2013-06-15
34550,2013-06-16
34500,2013-06-17
34000,2013-06-18
33000,2013-06-19
32200,2013-06-20
30900,2013-06-22
32550,2013-06-23
32950,2013-06-25
33600,2013-06-26
33220,2013-06-27
33500,2013-06-29
33900,2013-06-30
33700,2013-07-01
33600,2013-07-02
33650,2013-07-03
33458,2013-07-04
32950,2013-07-06
33350,2013-07-07
33100,2013-07-08
33000,2013-07-09
33150,2013-07-10
33114,2013-07-11
32700,2013-07-13
32600,2013-07-14
32600,2013-07-15
32150,2013-07-16
31650,2013-07-17
31600,2013-07-18
31150,2013-07-20
31600,2013-07-21
31200,2013-07-22
31650,2013-07-23
31600,2013-07-24
31670,2013-07-25
31800,2013-07-27
31700,2013-07-28
31700,2013-07-29
31800,2013-07-31
31920,2013-08-01
32400,2013-08-03
32000,2013-08-04
31900,2013-08-05
32250,2013-08-06
32150,2013-08-07
32181,2013-08-08
32250,2013-08-11
31950,2013-08-12
31950,2013-08-13
32000,2013-08-14
31700,2013-08-15
31580,2013-08-17
31450,2013-08-18
31000,2013-08-19
30950,2013-08-20
31200,2013-08-21
31200,2013-08-22
31200,2013-08-24
31250,2013-08-25
31750,2013-08-26
33000,2013-08-27
32400,2013-08-28
32530,2013-08-29
32400,2013-08-31
32580,2013-09-01
33050,2013-09-03
33200,2013-09-04
33030,2013-09-05
32900,2013-09-07
32850,2013-09-08
32000,2013-09-09
31800,2013-09-10
31800,2013-09-11
31720,2013-09-12
31700,2013-09-14
31300,2013-09-15
30600,2013-09-16
30800,2013-09-17
30800,2013-09-18
30130,2013-09-19
29300,2013-09-21
29350,2013-09-22
29350,2013-09-23
30700,2013-09-24
30500,2013-09-25
30450,2013-09-26
30650,2013-09-28
30350,2013-09-29
30550,2013-09-30
30550,2013-10-01
30350,2013-10-02
30519,2013-10-03
30550,2013-10-05
30450,2013-10-06
30500,2013-10-07
30350,2013-10-08
30400,2013-10-09
30350,2013-10-10
30150,2013-10-12
30350,2013-10-13
30350,2013-10-14
30372,2013-10-15
30227,2013-10-17
30150,2013-10-19
29950,2013-10-20
30100,2013-10-21
30100,2013-10-22
30130,2013-10-23
30100,2013-10-26
30100,2013-10-27
30150,2013-10-28
30050,2013-10-29
30050,2013-10-30
30082,2013-10-31
30400,2013-11-02
30300,2013-11-03
30100,2013-11-04
30180,2013-11-05
30150,2013-11-06
30036,2013-11-07
30250,2013-11-09
30150,2013-11-10
30180,2013-11-11
30173,2013-11-12
30100,2013-11-16
30030,2013-11-17
30070,2013-11-18
30050,2013-11-19
30100,2013-11-20
30060,2013-11-21
29400,2013-11-23
29150,2013-11-24
29750,2013-11-25
29900,2013-11-26
29620,2013-11-27
29614,2013-11-28
29530,2013-11-30
29530,2013-12-01
29450,2013-12-02
29550,2013-12-03
29520,2013-12-04
29507,2013-12-05
29460,2013-12-07
29420,2013-12-08
29480,2013-12-09
29390,2013-12-10
29350,2013-12-11
29476,2013-12-12
29520,2013-12-14
29470,2013-12-15
29440,2013-12-16
29490,2013-12-17
29450,2013-12-18
29450,2013-12-19
29560,2013-12-21
29581,2013-12-22
29670,2013-12-24
30010,2013-12-25
29969,2013-12-26
30150,2013-12-28
30060,2013-12-29
30070,2013-12-30
29920,2014-01-01
29740,2014-01-04
29800,2014-01-05
29850,2014-01-06
29900,2014-01-07
29800,2014-01-08
29800,2014-01-09
29790,2014-01-11
29560,2014-01-12
29630,2014-01-13
29570,2014-01-14
29570,2014-01-15
29469,2014-01-16
29360,2014-01-18
29340,2014-01-20
29510,2014-01-21
29400,2014-01-22
29440,2014-01-23
29450,2014-01-25
29490,2014-01-26
29480,2014-01-27
29420,2014-01-28
29350,2014-01-29
29380,2014-01-30
29460,2014-02-01
29540,2014-02-02
29470,2014-02-03
29510,2014-02-04
29590,2014-02-05
29600,2014-02-06
29460,2014-02-08
29510,2014-02-09
29500,2014-02-10
29520,2014-02-12
29530,2014-02-13
29480,2014-02-15
29520,2014-02-16
29520,2014-02-17
29520,2014-02-18
29530,2014-02-19
29500,2014-02-20
29600,2014-02-22
29840,2014-02-23
29900,2014-02-24
29880,2014-02-25
30090,2014-02-26
30100,2014-02-27
30590,2014-03-01
31070,2014-03-02
30640,2014-03-03
30520,2014-03-04
30490,2014-03-05
30460,2014-03-06
30440,2014-03-08
30710,2014-03-09
30550,2014-03-10
30370,2014-03-11
30360,2014-03-12
30440,2014-03-13
30200,2014-03-15
29960,2014-03-16
30000,2014-03-17
30140,2014-03-18
30170,2014-03-19
30500,2014-03-25
30580,2014-03-26
30570,2014-03-27
30490,2014-03-29
30640,2014-03-30
30630,2014-03-31
30430,2014-04-05
30580,2014-04-06
30900,2014-04-07
30800,2014-04-08
30810,2014-04-09
30790,2014-04-10
31210,2014-04-12
31300,2014-04-13
31800,2014-04-14
31560,2014-04-15
31710,2014-04-16
31730,2014-04-17
32090,2014-04-19
32400,2014-04-20
33160,2014-04-21
32650,2014-04-22
32540,2014-04-23
32480,2014-04-24
33350,2014-04-26
32820,2014-04-27
32950,2014-04-28
32980,2014-04-29
33100,2014-04-30
33130,2014-05-01
32780,2014-05-03
33140,2014-05-04
33040,2014-05-05
32910,2014-05-06
32900,2014-05-07
32870,2014-05-08
32360,2014-05-10
32490,2014-05-11
32480,2014-05-12
32450,2014-05-14
32930,2014-05-15
32760,2014-05-17
32820,2014-05-18
32940,2014-05-19
32900,2014-05-20
32870,2014-05-21
32830,2014-05-22
32820,2014-05-24
32830,2014-05-25
32770,2014-05-26
32780,2014-05-28
32770,2014-05-29
32810,2014-05-31
32820,2014-06-01
32800,2014-06-02
32830,2014-06-03
32450,2014-06-07
32320,2014-06-08
32400,2014-06-09
32400,2014-06-10
32450,2014-06-11
32430,2014-06-12
32120,2014-06-14
31790,2014-06-15
32040,2014-06-16
31930,2014-06-17
32110,2014-06-18
32290,2014-06-19
31920,2014-06-21
31720,2014-06-22
31670,2014-06-23
31670,2014-06-24
31650,2014-06-25
31690,2014-06-26
31180,2014-06-28
31140,2014-06-29
31180,2014-06-30
31330,2014-07-01
31270,2014-07-02
31260,2014-07-03
30950,2014-07-05
31260,2014-07-06
31180,2014-07-07
31050,2014-07-08
31020,2014-07-09
31060,2014-07-10
31360,2014-07-12
31230,2014-07-13
31170,2014-07-14
31360,2014-07-15
31430,2014-07-16
31560,2014-07-17
31330,2014-07-20
31330,2014-07-21
31330,2014-07-22
31390,2014-07-23
31380,2014-07-24
31370,2014-07-26
31290,2014-07-27
31260,2014-07-28
31231,2014-07-31
31400,2014-08-02
31420,2014-08-03
31400,2014-08-04
31400,2014-08-05
31320,2014-08-06
31320,2014-08-07
31220,2014-08-09
31250,2014-08-10
31190,2014-08-11
31270,2014-08-12
31180,2014-08-13
31190,2014-08-14
31020,2014-08-16
31070,2014-08-17
31050,2014-08-18
30930,2014-08-19
30920,2014-08-20
30910,2014-08-21
31160,2014-08-23
31330,2014-08-24
31270,2014-08-25
31300,2014-08-26
31300,2014-08-27
31420,2014-08-28
31500,2014-08-30
31480,2014-08-31
31730,2014-09-01
31720,2014-09-02
31810,2014-09-03
31740,2014-09-04
31680,2014-09-06
31980,2014-09-07
31750,2014-09-08
31790,2014-09-09
31840,2014-09-10
31860,2014-09-11
31910,2014-09-13
31980,2014-09-14
31920,2014-09-15
32140,2014-09-16
32010,2014-09-17
31990,2014-09-18
31670,2014-09-20
31710,2014-09-21
31880,2014-09-22
31940,2014-09-23
32000,2014-09-24
32000,2014-09-25
32640,2014-09-27
32350,2014-09-28
32410,2014-09-29
32430,2014-09-30
32400,2014-10-01
32430,2014-10-02
32310,2014-10-04
32390,2014-10-06
32370,2014-10-07
32480,2014-10-08
32500,2014-10-09
32500,2014-10-11
32520,2014-10-12
32440,2014-10-14
32500,2014-10-15
32460,2014-10-16
32340,2014-10-18
32190,2014-10-19
32280,2014-10-20
32220,2014-10-21
32280,2014-10-22
32270,2014-10-23
32170,2014-10-25
32360,2014-10-26
32450,2014-10-27
32390,2014-10-28
32450,2014-10-29
32520,2014-10-30
32530,2014-11-01
32539,2014-11-02
32500,2014-11-05
32510,2014-11-06
32480,2014-11-08
32540,2014-11-09
32580,2014-11-10
32580,2014-11-11
32560,2014-11-12
32550,2014-11-13
32470,2014-11-15
32460,2014-11-16
32560,2014-11-17
32500,2014-11-18
32530,2014-11-19
32490,2014-11-20
32400,2014-11-22
32560,2014-11-23
32620,2014-11-24
32900,2014-11-25
33190,2014-11-26
33250,2014-11-27
34610,2014-11-29
33670,2014-11-30
33580,2014-12-01
33670,2014-12-02
33700,2014-12-03
33680,2014-12-04
34160,2014-12-06
34250,2014-12-07
34010,2014-12-08
34190,2014-12-09
34220,2014-12-10
34260,2014-12-11
34100,2014-12-14
34800,2014-12-15
34930,2014-12-16
35000,2014-12-17
34940,2014-12-18
35070,2014-12-20
35560,2014-12-22
35590,2014-12-24
35390,2014-12-25
35530,2014-12-27
35490,2014-12-28
35210,2014-12-29
35010,2014-12-30
34960,2015-01-01
35210,2015-01-03
35120,2015-01-04
35240,2015-01-05
35130,2015-01-06
35000,2015-01-07
34970,2015-01-08
34860,2015-01-10
34700,2015-01-11
34500,2015-01-12
34520,2015-01-13
34500,2015-01-14
34450,2015-01-15
34670,2015-01-17
35140,2015-01-18
34740,2015-01-19
34610,2015-01-20
34570,2015-01-21
34515,2015-01-22
34650,2015-01-24
34690,2015-01-25
34600,2015-01-26
34560,2015-01-27
34560,2015-01-28
34568,2015-01-29
34550,2015-01-31
34560,2015-02-01
34560,2015-02-02
34430,2015-02-03
34320,2015-02-04
34274,2015-02-05
34090,2015-02-07
34310,2015-02-08
34300,2015-02-09
34290,2015-02-10
34306,2015-02-12
34300,2015-02-14
34220,2015-02-15
34020,2015-02-16
34140,2015-02-17
34140,2015-02-18
34127,2015-02-19
34220,2015-02-21
34350,2015-02-22
34340,2015-02-23
34360,2015-02-24
34350,2015-02-25
34310,2015-02-26
34260,2015-02-28
34250,2015-03-01
34170,2015-03-02
34200,2015-03-03
34130,2015-03-04
34032,2015-03-05
34060,2015-03-07
33960,2015-03-08
33840,2015-03-09
33360,2015-03-10
33240,2015-03-11
32990,2015-03-12
32410,2015-03-14
32810,2015-03-15
33530,2015-03-16
33490,2015-03-17
33380,2015-03-18
33436,2015-03-19
33930,2015-03-25
33225,2015-03-26
33100,2015-03-28
33240,2015-03-29
33070,2015-03-30
33300,2015-03-31
32840,2015-04-04
32860,2015-04-05
33140,2015-04-06
32930,2015-04-07
32900,2015-04-08
33400,2015-04-09
33390,2015-04-11
33380,2015-04-12
33450,2015-04-13
33580,2015-04-14
33480,2015-04-15
33420,2015-04-16
33390,2015-04-18
33390,2015-04-19
33390,2015-04-20
33360,2015-04-21
33330,2015-04-22
33330,2015-04-23
33300,2015-04-25
33350,2015-04-26
33380,2015-04-27
33360,2015-04-28
33390,2015-04-29
33390,2015-04-30
33250,2015-05-03
33270,2015-05-04
33300,2015-05-05
33290,2015-05-06
33300,2015-05-07
33180,2015-05-09
33160,2015-05-10
33160,2015-05-11
33190,2015-05-12
33200,2015-05-13
33190,2015-05-14
33070,2015-05-17
32980,2015-05-18
32830,2015-05-19
32850,2015-05-20
32887,2015-05-21
32950,2015-05-23
32930,2015-05-24
33000,2015-05-25
33000,2015-05-26
32980,2015-05-27
33016,2015-05-28
33190,2015-05-30
33130,2015-05-31
33130,2015-06-01
33127,2015-06-02
33080,2015-06-06
33100,2015-06-07
33080,2015-06-08
33080,2015-06-09
33050,2015-06-10
33050,2015-06-11
32920,2015-06-13
32820,2015-06-14
32850,2015-06-15
32850,2015-06-16
32780,2015-06-17
32776,2015-06-18
32720,2015-06-20
32620,2015-06-21
32660,2015-06-22
32750,2015-06-23
32750,2015-06-24
32964,2015-06-25
33000,2015-06-27
33000,2015-06-28
32990,2015-06-29
33090,2015-06-30
32950,2015-07-01
32975,2015-07-02
32950,2015-07-04
32720,2015-07-05
32480,2015-07-06
32449,2015-07-07
32380,2015-07-09
32500,2015-07-11
32140,2015-07-12
32160,2015-07-13
32180,2015-07-14
32300,2015-07-15
32300,2015-07-16
32350,2015-07-20
32390,2015-07-21
32380,2015-07-22
32485,2015-07-23
32950,2015-07-25
32900,2015-07-26
32980,2015-07-27
33030,2015-07-28
33000,2015-07-29
33100,2015-07-30
33150,2015-08-01
33160,2015-08-02
33240,2015-08-03
33270,2015-08-04
33250,2015-08-05
33376,2015-08-06
33390,2015-08-08
33360,2015-08-09
33375,2015-08-10
33450,2015-08-12
33428,2015-08-13
33410,2015-08-15
33410,2015-08-16
33550,2015-08-17
33460,2015-08-18
33490,2015-08-19
33482,2015-08-20
33500,2015-08-22
33550,2015-08-23
33650,2015-08-24
33630,2015-08-25
33550,2015-08-26
33558,2015-08-27
33670,2015-08-29
33770,2015-08-30
34000,2015-08-31
33980,2015-09-01
33850,2015-09-02
33836,2015-09-03
33970,2015-09-05
33890,2015-09-06
33830,2015-09-07
33850,2015-09-08
33850,2015-09-09
33876,2015-09-10
33980,2015-09-12
34200,2015-09-13
33950,2015-09-14
33930,2015-09-15
33850,2015-09-16
33850,2015-09-17
33830,2015-09-19
33720,2015-09-20
33880,2015-09-21
33850,2015-09-22
33846,2015-09-23
33930,2015-09-26
33920,2015-09-27
34090,2015-09-28
34090,2015-09-29
34050,2015-09-30
34062,2015-10-01
33950,2015-10-03
33990,2015-10-04
33990,2015-10-05
33990,2015-10-06
33980,2015-10-07
33980,2015-10-08
33900,2015-10-10
33890,2015-10-11
33880,2015-10-12
33890,2015-10-13
33880,2015-10-14
33880,2015-10-15
33870,2015-10-17
33810,2015-10-18
33810,2015-10-19
33830,2015-10-20
33850,2015-10-21
33850,2015-10-22
33880,2015-10-25
33890,2015-10-26
33900,2015-10-27
33890,2015-10-28
33890,2015-10-29
33950,2015-10-31
33940,2015-11-01
33940,2015-11-02
33930,2015-11-03
33890,2015-11-04
33902,2015-11-05
33950,2015-11-07
33960,2015-11-08
33950,2015-11-09
33940,2015-11-10
33930,2015-11-11
35750,2015-11-12
33940,2015-11-14
33940,2015-11-15
33940,2015-11-16
33930,2015-11-17
33930,2015-11-18
33930,2015-11-19
33940,2015-11-21
33940,2015-11-22
33980,2015-11-23
33990,2015-11-24
33920,2015-11-25
33930,2015-11-26
33990,2015-11-28
33990,2015-11-29
33990,2015-11-30
33981,2015-12-01
33970,2015-12-03
33970,2015-12-05
33960,2015-12-06
33960,2015-12-07
33950,2015-12-08
35602,2015-12-09
33940,2015-12-13
33940,2015-12-14
33970,2015-12-15
33890,2015-12-16
33864,2015-12-17
33850,2015-12-19
33860,2015-12-21
33870,2015-12-22
33880,2015-12-23
33854,2015-12-24
33800,2015-12-26
33800,2015-12-27
33820,2015-12-28
33870,2015-12-30
33850,2015-12-31
33840,2016-01-02
33890,2016-01-03
33940,2016-01-04
33940,2016-01-05
33940,2016-01-06
33981,2016-01-07
33950,2016-01-09
33890,2016-01-10
33880,2016-01-11
33870,2016-01-12
33850,2016-01-13
33846,2016-01-14
33840,2016-01-16
33840,2016-01-17
33830,2016-01-18
33840,2016-01-19
33830,2016-01-20
33843,2016-01-21
33870,2016-01-23
33850,2016-01-24
33850,2016-01-25
33840,2016-01-26
33840,2016-01-27
33838,2016-01-28
33840,2016-01-30
33830,2016-01-31
33830,2016-02-01
33820,2016-02-02
33820,2016-02-03
33817,2016-02-04
33800,2016-02-06
33800,2016-02-07
33800,2016-02-08
33800,2016-02-09
33800,2016-02-10
33800,2016-02-13
33840,2016-02-14
34430,2016-02-15
34620,2016-02-16
34710,2016-02-17
34492,2016-02-18
34500,2016-02-20
34540,2016-02-21
34650,2016-02-22
34680,2016-02-23
34750,2016-02-24
34802,2016-02-25
34550,2016-02-27
34550,2016-02-28
34540,2016-02-29
34540,2016-03-01
34450,2016-03-02
34432,2016-03-03
34340,2016-03-05
34260,2016-03-06
34080,2016-03-07
34240,2016-03-08
34370,2016-03-09
34308,2016-03-10
34205,2016-03-12
34290,2016-03-14
34300,2016-03-15
34250,2016-03-16
34263,2016-03-17
34600,2016-03-24
34660,2016-03-26
35200,2016-03-27
35130,2016-03-28
34820,2016-03-29
34850,2016-03-30
34490,2016-04-02
34500,2016-04-03
34760,2016-04-04
34700,2016-04-05
34650,2016-04-06
34650,2016-04-07
34720,2016-04-09
34700,2016-04-10
34690,2016-04-11
34660,2016-04-12
34620,2016-04-13
34640,2016-04-14
34550,2016-04-16
34510,2016-04-17
34640,2016-04-18
34580,2016-04-19
34583,2016-04-20
34690,2016-04-23
34670,2016-04-24
34600,2016-04-25
34600,2016-04-26
34570,2016-04-27
34558,2016-04-28
34510,2016-04-30
34500,2016-05-01
34470,2016-05-02
34430,2016-05-03
34438,2016-05-04
34460,2016-05-07
34450,2016-05-08
34500,2016-05-09
34490,2016-05-10
34430,2016-05-11
34416,2016-05-12
34420,2016-05-14
34390,2016-05-15
34370,2016-05-16
34370,2016-05-17
34370,2016-05-18
34386,2016-05-19
34443,2016-05-21
34550,2016-05-23
34540,2016-05-24
34550,2016-05-25
34690,2016-05-26
34700,2016-05-28
34630,2016-05-29
34650,2016-05-30
34650,2016-05-31
34710,2016-06-01
34710,2016-06-02
34530,2016-06-05
34550,2016-06-06
34580,2016-06-07
34600,2016-06-08
34610,2016-06-09
34600,2016-06-11
34530,2016-06-12
34590,2016-06-13
34600,2016-06-14
34550,2016-06-15
34547,2016-06-16
34540,2016-06-18
34550,2016-06-19
34600,2016-06-20
34630,2016-06-21
34623,2016-06-22
34618,2016-06-23
34850,2016-06-25
34887,2016-06-26
35190,2016-06-28
35290,2016-06-29
35168,2016-06-30
34790,2016-07-02
34870,2016-07-03
34870,2016-07-04
34844,2016-07-05
34970,2016-07-09
35010,2016-07-10
35120,2016-07-11
35010,2016-07-12
35040,2016-07-13
35072,2016-07-14
35120,2016-07-16
35150,2016-07-17
35190,2016-07-18
35130,2016-07-19
35030,2016-07-20
35034,2016-07-21
35170,2016-07-23
35110,2016-07-24
35180,2016-07-25
35180,2016-07-26
35440,2016-07-27
35415,2016-07-28
35280,2016-07-31
35400,2016-08-01
35310,2016-08-02
35170,2016-08-03
35268,2016-08-04
35330,2016-08-06
35400,2016-08-07
35450,2016-08-08
35350,2016-08-09
35380,2016-08-10
35280,2016-08-11
35310,2016-08-13
35430,2016-08-14
35430,2016-08-15
35420,2016-08-16
35450,2016-08-17
35338,2016-08-18
35270,2016-08-20
35470,2016-08-21
35420,2016-08-22
35430,2016-08-23
35300,2016-08-24
35380,2016-08-25
35500,2016-08-27
35550,2016-08-28
35550,2016-08-29
35550,2016-08-30
35570,2016-08-31
35585,2016-09-01
35650,2016-09-03
35520,2016-09-04
35550,2016-09-05
35540,2016-09-06
35570,2016-09-07
35528,2016-09-08
35500,2016-09-10
35560,2016-09-11
35630,2016-09-13
35720,2016-09-14
35691,2016-09-15
35600,2016-09-17
35520,2016-09-18
35586,2016-09-19
35540,2016-09-21
35625,2016-09-22
35680,2016-09-24
35700,2016-09-25
35730,2016-09-26
35610,2016-09-27
35800,2016-09-28
35820,2016-09-29
35770,2016-10-01
35810,2016-10-02
35860,2016-10-03
35870,2016-10-04
35720,2016-10-05
35769,2016-10-06
35810,2016-10-08
35850,2016-10-09
35850,2016-10-10
35879,2016-10-13
35880,2016-10-15
35850,2016-10-16
35830,2016-10-17
35850,2016-10-18
35850,2016-10-19
35871,2016-10-20
35910,2016-10-22
35950,2016-10-23
35680,2016-10-24
36050,2016-10-25
36180,2016-10-26
36103,2016-10-27
36110,2016-10-29
36190,2016-10-30
36270,2016-10-31
36230,2016-11-01
36200,2016-11-02
36210,2016-11-03
36290,2016-11-05
36250,2016-11-06
36400,2016-11-07
36480,2016-11-08
36570,2016-11-09
36494,2016-11-10
36550,2016-11-12
36680,2016-11-13
36680,2016-11-14
36740,2016-11-15
36850,2016-11-16
36849,2016-11-17
36809,2016-11-19
36770,2016-11-21
37030,2016-11-22
37180,2016-11-23
37372,2016-11-24
37910,2016-11-26
38491,2016-11-27
38680,2016-11-29
38274,2016-12-01
38950,2016-12-03
38960,2016-12-04
38880,2016-12-05
38760,2016-12-06
38990,2016-12-07
38910,2016-12-10
38680,2016-12-11
38970,2016-12-12
39140,2016-12-13
39280,2016-12-14
39280,2016-12-15
39170,2016-12-18
39180,2016-12-19
39780,2016-12-20
39850,2016-12-21
39872,2016-12-22
40660,2016-12-24
40720,2016-12-25
41210,2016-12-26
40750,2016-12-27
40290,2016-12-28
40183,2016-12-29
38350,2016-12-31
38790,2017-01-01
39140,2017-01-02
39000,2017-01-03
39030,2017-01-04
39034,2017-01-05
39450,2017-01-07
39650,2017-01-08
39784,2017-01-09
39790,2017-01-10
39790,2017-01-11
39689,2017-01-12
39440,2017-01-14
39140,2017-01-15
38340,2017-01-16
38200,2017-01-17
38240,2017-01-18
38199,2017-01-19
38330,2017-01-21
38500,2017-01-22
38540,2017-01-23
38600,2017-01-24
38580,2017-01-25
38584,2017-01-26
38510,2017-01-28
38230,2017-01-29
38210,2017-01-30
38260,2017-01-31
38240,2017-02-01
38424,2017-02-02
38520,2017-02-04
38470,2017-02-05
38360,2017-02-06
38260,2017-02-07
38260,2017-02-08
38269,2017-02-09
38230,2017-02-11
38140,2017-02-12
38080,2017-02-13
38150,2017-02-14
38110,2017-02-15
38047,2017-02-16
37930,2017-02-18
37900,2017-02-19
37870,2017-02-20
37800,2017-02-21
37800,2017-02-22
37790,2017-02-23
37810,2017-02-25
37790,2017-02-26
37790,2017-02-27
37840,2017-02-28
37830,2017-03-01
37740,2017-03-04
37610,2017-03-05
37460,2017-03-06
37240,2017-03-07
37490,2017-03-08
37513,2017-03-09
37490,2017-03-11
37500,2017-03-12
37630,2017-03-13
37950,2017-03-14
37570,2017-03-15
37525,2017-03-16
37480,2017-03-18
37540,2017-03-25
37640,2017-03-26
37660,2017-03-27
37520,2017-03-28
37400,2017-03-29
37450,2017-03-30
37530,2017-04-03
37650,2017-04-04
37610,2017-04-05
37610,2017-04-06
37630,2017-04-08
37630,2017-04-09
37630,2017-04-10
37590,2017-04-12
37596,2017-04-13
37550,2017-04-15
37550,2017-04-16
37500,2017-04-17
37490,2017-04-18
37480,2017-04-19
37485,2017-04-20
37530,2017-04-22
37530,2017-04-23
37569,2017-04-24
37620,2017-04-26
37650,2017-04-27
37730,2017-04-29
37670,2017-04-30
37620,2017-05-01
37650,2017-05-02
37700,2017-05-03
37690,2017-05-04
37590,2017-05-06
37570,2017-05-07
37540,2017-05-08
37570,2017-05-09
37590,2017-05-10
37590,2017-05-11
37560,2017-05-13
37540,2017-05-14
37550,2017-05-15
37710,2017-05-16
37670,2017-05-17
37526,2017-05-18
37400,2017-05-20
37350,2017-05-21
37530,2017-05-22
37480,2017-05-23
37430,2017-05-24
37430,2017-05-25
37370,2017-05-27
37380,2017-05-28
37360,2017-05-29
37340,2017-05-30
37340,2017-05-31
37333,2017-06-01
37330,2017-06-03
37380,2017-06-06
37370,2017-06-07
37368,2017-06-08
37350,2017-06-10
37300,2017-06-11
37270,2017-06-12
37300,2017-06-13
37310,2017-06-14
37314,2017-06-15
37500,2017-06-17
37500,2017-06-18
37450,2017-06-19
37420,2017-06-20
37440,2017-06-21
37568,2017-06-22
37540,2017-06-24
37540,2017-06-25
37680,2017-06-28
37745,2017-06-29
37840,2017-07-01
37790,2017-07-02
37800,2017-07-03
37880,2017-07-04
37880,2017-07-05
37888,2017-07-06
37860,2017-07-08
37880,2017-07-09
37930,2017-07-10
37900,2017-07-11
37850,2017-07-12
37846,2017-07-13
37800,2017-07-15
37790,2017-07-16
37780,2017-07-17
37770,2017-07-18
37820,2017-07-19
37750,2017-07-22
37720,2017-07-23
37790,2017-07-24
38000,2017-07-25
38010,2017-07-26
38039,2017-07-27
38120,2017-07-29
38130,2017-07-30
38190,2017-07-31
38210,2017-08-01
38260,2017-08-02
38216,2017-08-03
38210,2017-08-05
38150,2017-08-06
38110,2017-08-07
38110,2017-08-08
38150,2017-08-09
38134,2017-08-10
38120,2017-08-12
38130,2017-08-13
38170,2017-08-14
38200,2017-08-15
38200,2017-08-16
38230,2017-08-17
38280,2017-08-19
38300,2017-08-20
38300,2017-08-21
38330,2017-08-22
38380,2017-08-23
38485,2017-08-24
38590,2017-08-26
38580,2017-08-27
38630,2017-08-28
38720,2017-08-29
38740,2017-08-30
38803,2017-08-31
38900,2017-09-02
38790,2017-09-03
38820,2017-09-04
38940,2017-09-05
39040,2017-09-06
39009,2017-09-07
39000,2017-09-10
39140,2017-09-11
39200,2017-09-12
39100,2017-09-13
39060,2017-09-14
38980,2017-09-16
38970,2017-09-17
38920,2017-09-18
38930,2017-09-19
38920,2017-09-20
38927,2017-09-21
38920,2017-09-23
39000,2017-09-24
39060,2017-09-25
39070,2017-09-26
39110,2017-09-27
39147,2017-09-28
39300,2017-10-02
39370,2017-10-03
39480,2017-10-04
39580,2017-10-05
39780,2017-10-07
40410,2017-10-08
40240,2017-10-09
40160,2017-10-10
40170,2017-10-11
39973,2017-10-12
40070,2017-10-14
40080,2017-10-15
40190,2017-10-16
40210,2017-10-17
40170,2017-10-18
40158,2017-10-19
40110,2017-10-21
40180,2017-10-22
40300,2017-10-23
40280,2017-10-24
40320,2017-10-25
40538,2017-10-26
40690,2017-10-28
40550,2017-10-29
40520,2017-10-30
40580,2017-10-31
40540,2017-11-01
40540,2017-11-02
40660,2017-11-04
40720,2017-11-05
40700,2017-11-06
40740,2017-11-07
40746,2017-11-08
40990,2017-11-11
41360,2017-11-12
41220,2017-11-13
41010,2017-11-14
41000,2017-11-15
40900,2017-11-16
40948,2017-11-18
40930,2017-11-20
41210,2017-11-21
41240,2017-11-22
41255,2017-11-23
41180,2017-11-25
41180,2017-11-26
41360,2017-11-28
41390,2017-11-29
41544,2017-11-30
41640,2017-12-02
41860,2017-12-03
42020,2017-12-04
41979,2017-12-05
42022,2017-12-07
42070,2017-12-09
42110,2017-12-10
42200,2017-12-11
42190,2017-12-12
42110,2017-12-13
42103,2017-12-14
41830,2017-12-16
41810,2017-12-17
41970,2017-12-18
41860,2017-12-19
41940,2017-12-20
41929,2017-12-21
41940,2017-12-23
41790,2017-12-24
41890,2017-12-25
41890,2017-12-26
42030,2017-12-27
42299,2017-12-28
42880,2017-12-30
42880,2017-12-31
43390,2018-01-01
43740,2018-01-02
43240,2018-01-03
43283,2018-01-04
43530,2018-01-06
43950,2018-01-07
43660,2018-01-08
44010,2018-01-09
44150,2018-01-10
44116,2018-01-11
44260,2018-01-13
44210,2018-01-14
44290,2018-01-15
44480,2018-01-16
44580,2018-01-17
44617,2018-01-18
45970,2018-01-20
45790,2018-01-21
45800,2018-01-22
45660,2018-01-23
45330,2018-01-24
45330,2018-01-25
45680,2018-01-27
45500,2018-01-28
45670,2018-01-29
46450,2018-01-30
46470,2018-01-31
46768,2018-02-01
47440,2018-02-03
46760,2018-02-04
46900,2018-02-05
45450,2018-02-06
46700,2018-02-07
46900,2018-02-08
47270,2018-02-10
48770,2018-02-12
48170,2018-02-13
47380,2018-02-14
47180,2018-02-15
46090,2018-02-17
45750,2018-02-18
45750,2018-02-19
44930,2018-02-21
44911,2018-02-22
44760,2018-02-24
44780,2018-02-25
44720,2018-02-26
44710,2018-02-27
44700,2018-02-28
44690,2018-03-01
47700,2018-03-03
47690,2018-03-04
47750,2018-03-05
47880,2018-03-06
47860,2018-03-07
47890,2018-03-08
48030,2018-03-10
48260,2018-03-11
48160,2018-03-12
48510,2018-03-13
48490,2018-03-14
48650,2018-03-15
48190,2018-03-17
48570,2018-03-18
48990,2018-03-19
51030,2018-03-25
50490,2018-03-26
50460,2018-03-27
50450,2018-03-28
51020,2018-03-29
50560,2018-04-03
50940,2018-04-04
50940,2018-04-05
56600,2018-04-07
58650,2018-04-08
58200,2018-04-09
55030,2018-04-10
53620,2018-04-11
46600,2018-04-12
49200,2018-04-15
52700,2018-04-16
44100,2018-04-17
48780,2018-04-18
51929,2018-04-19
55870,2018-04-21
55290,2018-04-22
54500,2018-04-23
54230,2018-04-24
56350,2018-04-25
56234,2018-04-26
58540,2018-04-28
57030,2018-04-29
59650,2018-04-30
59640,2018-05-01
61160,2018-05-03
63500,2018-05-05
59230,2018-05-06
63900,2018-05-07
65710,2018-05-08
66530,2018-05-09
66900,2018-05-10
64550,2018-05-12
63300,2018-05-13
64140,2018-05-14
61520,2018-05-15
62740,2018-05-16
62640,2018-05-17
62010,2018-05-19
63330,2018-05-20
63870,2018-05-21
63640,2018-05-22
63440,2018-05-23
63670,2018-05-24
63630,2018-05-26
63530,2018-05-27
62920,2018-05-28
64380,2018-05-29
64640,2018-05-30
65020,2018-05-31
64390,2018-06-02
64250,2018-06-03
64390,2018-06-07
65760,2018-06-09
67810,2018-06-10
70350,2018-06-11
70080,2018-06-12
67690,2018-06-13
68670,2018-06-14
70540,2018-06-17
72270,2018-06-18
74000,2018-06-19
74910,2018-06-20
74911,2018-06-21
87050,2018-06-23
81550,2018-06-24
78910,2018-06-25
79740,2018-06-26
82280,2018-06-27
82280,2018-06-28
83580,2018-06-30
83310,2018-07-01
81600,2018-07-02
80140,2018-07-03
78470,2018-07-04
80370,2018-07-05
79860,2018-07-07
79460,2018-07-08
77882,2018-07-10
77900,2018-07-11
78220,2018-07-12
80740,2018-07-14
79190,2018-07-15
81950,2018-07-16
81340,2018-07-17
81960,2018-07-18
81490,2018-07-19
88970,2018-07-21
93700,2018-07-22
94060,2018-07-23
91550,2018-07-24
93160,2018-07-25
94560,2018-07-26
110368,2018-07-28
114700,2018-07-29
105410,2018-07-30
105980,2018-07-31
112960,2018-08-01
105770,2018-08-02
98170,2018-08-04
95960,2018-08-05
89760,2018-08-06
102540,2018-08-07
103360,2018-08-08
109430,2018-08-09
100850,2018-08-11
106260,2018-08-12
105550,2018-08-13
105030,2018-08-14
107090,2018-08-15
107120,2018-08-16
103050,2018-08-18
104140,2018-08-19
105840,2018-08-20
105460,2018-08-21
102790,2018-08-23
105430,2018-08-25
107150,2018-08-26
110610,2018-08-27
110110,2018-08-28
110350,2018-08-29
119770,2018-09-01
124573,2018-09-02
127950,2018-09-03
136890,2018-09-04
135110,2018-09-05
134771,2018-09-06
129630,2018-09-08
138160,2018-09-09
135330,2018-09-10
137160,2018-09-11
137600,2018-09-12
137650,2018-09-13
142700,2018-09-15
143650,2018-09-16
145880,2018-09-17
145880,2018-09-18
149340,2018-09-22
160000,2018-09-23
169990,2018-09-24
186680,2018-09-25
175390,2018-09-26
175390,2018-09-27
170220,2018-09-29
151770,2018-09-30
145288,2018-10-01
121000,2018-10-02
132200,2018-10-03
126800,2018-10-04
128800,2018-10-06
131100,2018-10-07
141400,2018-10-08
121400,2018-10-09
123700,2018-10-10
121900,2018-10-11
142700,2018-10-13
131000,2018-10-14
125100,2018-10-15
135500,2018-10-16
121800,2018-10-17
134000,2018-10-18
134300,2018-10-20
144150,2018-10-21
141940,2018-10-22
140390,2018-10-23
121000,2018-10-24
118800,2018-10-25
118400,2018-10-27
120600,2018-10-28
118400,2018-10-29
120500,2018-10-31
119600,2018-11-01
119200,2018-11-03
120300,2018-11-04
120500,2018-11-05
120300,2018-11-06
118600,2018-11-10
120600,2018-11-11
119900,2018-11-12
119200,2018-11-13
118400,2018-11-14
118400,2018-11-15
120870,2018-11-17
127220,2018-11-18
128400,2018-11-19
127910,2018-11-20
127710,2018-11-21
127710,2018-11-22
127250,2018-11-24
123030,2018-11-26
121150,2018-11-27
112450,2018-11-28
112450,2018-11-29
121100,2018-12-01
114300,2018-12-02
113670,2018-12-03
113520,2018-12-04
113030,2018-12-05
113418,2018-12-06
112410,2018-12-08
107900,2018-12-09
108190,2018-12-10
97100,2018-12-11
101300,2018-12-12
101300,2018-12-13
99500,2018-12-15
99400,2018-12-16
99400,2018-12-17
99900,2018-12-18
99700,2018-12-19
99700,2018-12-20
100970,2018-12-22
101000,2018-12-23
105000,2018-12-24
112000,2018-12-25
107500,2018-12-26
107500,2018-12-27
107000,2018-12-29
108000,2018-12-30
105000,2018-12-31
104500,2019-01-01
106000,2019-01-02
106000,2019-01-03
105500,2019-01-05
107000,2019-01-06
109000,2019-01-07
108800,2019-01-08
108900,2019-01-09
108900,2019-01-10
114000,2019-01-12
109900,2019-01-13
112500,2019-01-14
114500,2019-01-15
115900,2019-01-16
115900,2019-01-17
114500,2019-01-19
116300,2019-01-20
116500,2019-01-21
115400,2019-01-22
115000,2019-01-23
115000,2019-01-24
117900,2019-01-26
118000,2019-01-27
118300,2019-01-28
119450,2019-01-29
118500,2019-01-30
118500,2019-01-31
110000,2019-02-02
116500,2019-02-03
117500,2019-02-04
118500,2019-02-05
116450,2019-02-06
116450,2019-02-07
117100,2019-02-10
119300,2019-02-12
118500,2019-02-13
118500,2019-02-14
123500,2019-02-16
129000,2019-02-17
128000,2019-02-18
129700,2019-02-19
129700,2019-02-20
126380,2019-02-21
136500,2019-02-23
134500,2019-02-24
133000,2019-02-25
132500,2019-02-26
132000,2019-02-27
132000,2019-02-28
129860,2019-03-02
127070,2019-03-03
125980,2019-03-04
131540,2019-03-05
130370,2019-03-06
130370,2019-03-07
130420,2019-03-09
129050,2019-03-10
128470,2019-03-11
128550,2019-03-12
131020,2019-03-13
131020,2019-03-14
128830,2019-03-16
128890,2019-03-17
128940,2019-03-18
128940,2019-03-19
129510,2019-03-25
129420,2019-03-26
131890,2019-03-27
131890,2019-03-28
132000,2019-03-30
132000,2019-03-31
131900,2019-04-04
133910,2019-04-06
136900,2019-04-07
141750,2019-04-08
137500,2019-04-09
137310,2019-04-10
137310,2019-04-11
134500,2019-04-13
136900,2019-04-14
135430,2019-04-15
134010,2019-04-16
134790,2019-04-17
134790,2019-04-18
134700,2019-04-20
139420,2019-04-22
139520,2019-04-23
140480,2019-04-24
138120,2019-04-25
142860,2019-04-27
143520,2019-04-28
142380,2019-04-29
145070,2019-04-30
146010,2019-05-01
142410,2019-05-02
147510,2019-05-04
150010,2019-05-05
152390,2019-05-06
153890,2019-05-07
156010,2019-05-08
153500,2019-05-09
147970,2019-05-11
150470,2019-05-12
151510,2019-05-13
148490,2019-05-14
146380,2019-05-15
146470,2019-05-16
143510,2019-05-18
140360,2019-05-19
142380,2019-05-20
144010,2019-05-21
142010,2019-05-22
140460,2019-05-23
142010,2019-05-25
140822,2019-05-26
135970,2019-05-28
137390,2019-05-29
135370,2019-05-30
134580,2019-06-01
132680,2019-06-02
130980,2019-06-03
127190,2019-06-08
131410,2019-06-09
130580,2019-06-10
131350,2019-06-11
132090,2019-06-12
134868,2019-06-13
137910,2019-06-15
135490,2019-06-16
132610,2019-06-17
134010,2019-06-18
134630,2019-06-19
132000,2019-06-20
133930,2019-06-22
134040,2019-06-23
132040,2019-06-24
132340,2019-06-25
132260,2019-06-26
129410,2019-06-27
130140,2019-06-30
129150,2019-07-01
129840,2019-07-02
130820,2019-07-03
127500,2019-07-04
130650,2019-07-06
128890,2019-07-07
129720,2019-07-08
129680,2019-07-09
129580,2019-07-10
127460,2019-07-11
124920,2019-07-13
121120,2019-07-14
118710,2019-07-15
118130,2019-07-16
119210,2019-07-17
119840,2019-07-18
122140,2019-07-20
123350,2019-07-21
125240,2019-07-22
120280,2019-07-23
118920,2019-07-24
119500,2019-07-25
120640,2019-07-27
121490,2019-07-28
120240,2019-07-29
119140,2019-07-30
120790,2019-07-31
119000,2019-08-01
119440,2019-08-03
120250,2019-08-04
119550,2019-08-05
119670,2019-08-06
119320,2019-08-07
118845,2019-08-08
116950,2019-08-10
117000,2019-08-11
116700,2019-08-13
117010,2019-08-14
117641,2019-08-15
117340,2019-08-17
117030,2019-08-18
116960,2019-08-19
116850,2019-08-21
116000,2019-08-22
113010,2019-08-24
110850,2019-08-25
112250,2019-08-26
112200,2019-08-27
113120,2019-08-28
112000,2019-08-29
113820,2019-08-31
113750,2019-09-01
114510,2019-09-02
114050,2019-09-03
114750,2019-09-04
114000,2019-09-05
116750,2019-09-07
116000,2019-09-08
116740,2019-09-11
114440,2019-09-12
113430,2019-09-14
114550,2019-09-15
115140,2019-09-16
115360,2019-09-17
115330,2019-09-18
114500,2019-09-19
114310,2019-09-21
113930,2019-09-22
114450,2019-09-23
114180,2019-09-24
114380,2019-09-25
113500,2019-09-26
114640,2019-09-28
115810,2019-09-29
115010,2019-09-30
115230,2019-10-01
115490,2019-10-02
114430,2019-10-03
114500,2019-10-05
114730,2019-10-06
114920,2019-10-07
114980,2019-10-08
114830,2019-10-09
114020,2019-10-10
114030,2019-10-12
113960,2019-10-13
114110,2019-10-14
114220,2019-10-15
114230,2019-10-16
114020,2019-10-17
113400,2019-10-20
113430,2019-10-21
112320,2019-10-22
111910,2019-10-23
112050,2019-10-24
111380,2019-10-26
111410,2019-10-28
112550,2019-10-30
111520,2019-10-31
113710,2019-11-02
113650,2019-11-03
114150,2019-11-04
112900,2019-11-05
113380,2019-11-07
114330,2019-11-09
114960,2019-11-10
115240,2019-11-11
117700,2019-11-12
117870,2019-11-13
114970,2019-11-14
122500,2019-11-16
122650,2019-11-17
122520,2019-11-18
119130,2019-11-19
118980,2019-11-20
117940,2019-11-21
122740,2019-11-23
124150,2019-11-24
122970,2019-11-25
125820,2019-11-26
125990,2019-11-27
124020,2019-11-28
128120,2019-11-30
126550,2019-12-01
127650,2019-12-02
129040,2019-12-03
130490,2019-12-04
127010,2019-12-05
134450,2019-12-07
138030,2019-12-08
135840,2019-12-09
131050,2019-12-10
127510,2019-12-11
129010,2019-12-12
125840,2019-12-14
127520,2019-12-15
130670,2019-12-16
129150,2019-12-17
129990,2019-12-18
128590,2019-12-19
131690,2019-12-21
131490,2019-12-22
131090,2019-12-23
131910,2019-12-24
131820,2019-12-25
129760,2019-12-26
131580,2019-12-28
131620,2019-12-29
133190,2019-12-30
132990,2019-12-31
132990,2020-01-01
129500,2020-01-02
139220,2020-01-04
138090,2020-01-05
139660,2020-01-06
139350,2020-01-07
133900,2020-01-08
132090,2020-01-09
134290,2020-01-11
134150,2020-01-12
135500,2020-01-13
134960,2020-01-14
135160,2020-01-15
131000,2020-01-16
134490,2020-01-18
134990,2020-01-19
134390,2020-01-20
134850,2020-01-21
135290,2020-01-22
130000,2020-01-23
135790,2020-01-25
136190,2020-01-26
137190,2020-01-27
134020,2020-01-28
134540,2020-01-30
135500,2020-02-01
136040,2020-02-02
135690,2020-02-03
136690,2020-02-04
136730,2020-02-05
135060,2020-02-06
138890,2020-02-08
139590,2020-02-09
136040,2020-02-10
140430,2020-02-12
138490,2020-02-13
141860,2020-02-15
141620,2020-02-16
144030,2020-02-17
143490,2020-02-18
143930,2020-02-19
142030,2020-02-20
152550,2020-02-22
156090,2020-02-23
156290,2020-02-24
156390,2020-02-25
157090,2020-02-26
157010,2020-02-27
155060,2020-02-29
156990,2020-03-01
153130,2020-03-02
154360,2020-03-03
152710,2020-03-04
149950,2020-03-05
149960,2020-03-07
153890,2020-03-09
153990,2020-03-10
153900,2020-03-11
148510,2020-03-12
156570,2020-03-14
158370,2020-03-15
160690,2020-03-16
159920,2020-03-17
149030,2020-03-18
149020,2020-03-24
148971,2020-03-25
148992,2020-03-26
149000,2020-03-28
149010,2020-03-29
149011,2020-03-30
148960,2020-04-02
164190,2020-04-04
162950,2020-04-05
161390,2020-04-06
159650,2020-04-07
161060,2020-04-08
162240,2020-04-11
161090,2020-04-12
160280,2020-04-13
159610,2020-04-14
159690,2020-04-15
155000,2020-04-16
154390,2020-04-18
154420,2020-04-19
160890,2020-04-20
163080,2020-04-21
162690,2020-04-22
155030,2020-04-23
161520,2020-04-25
161510,2020-04-26
160790,2020-04-27
162410,2020-04-28
161420,2020-04-29
156000,2020-04-30
160790,2020-05-02
161390,2020-05-03
161420,2020-05-04
161380,2020-05-05
162890,2020-05-06
157000,2020-05-07
164920,2020-05-09
168420,2020-05-10
170210,2020-05-11
171080,2020-05-12
168610,2020-05-13
168540,2020-05-14
169110,2020-05-16
175780,2020-05-17
176910,2020-05-18
178910,2020-05-19
177010,2020-05-20
173050,2020-05-21
175480,2020-05-23
173780,2020-05-26
175710,2020-05-27
170610,2020-05-28
176010,2020-05-30
177020,2020-05-31
177120,2020-06-01
177880,2020-06-02
176810,2020-06-06
176110,2020-06-07
177910,2020-06-08
179880,2020-06-09
179800,2020-06-10
177500,2020-06-11
179480,2020-06-13
182910,2020-06-14
185710,2020-06-15
185670,2020-06-16
183500,2020-06-18
194800,2020-06-20
197800,2020-06-21
201000,2020-06-22
194580,2020-06-23
191480,2020-06-24
188430,2020-06-25
202170,2020-06-27
202200,2020-06-28
205300,2020-06-29
205770,2020-06-30
207800,2020-07-01
208400,2020-07-02
223010,2020-07-04
217810,2020-07-05
220980,2020-07-06
224700,2020-07-07
224700,2020-07-08
225680,2020-07-09
227010,2020-07-11
234280,2020-07-12
236300,2020-07-13
238970,2020-07-14
241370,2020-07-15
231020,2020-07-16
245480,2020-07-18
229000,2020-07-19
219010,2020-07-20
218000,2020-07-21
218380,2020-07-22
202910,2020-07-23
230970,2020-07-25
233500,2020-07-26
234500,2020-07-27
234310,2020-07-28
235470,2020-07-29
208020,2020-07-30
232200,2020-08-01
232710,2020-08-02
232810,2020-08-03
234910,2020-08-04
236600,2020-08-05
230020,2020-08-06
220510,2020-08-09
222170,2020-08-10
222470,2020-08-11
224470,2020-08-12
220500,2020-08-13
224510,2020-08-15
231970,2020-08-16
227370,2020-08-17
227000,2020-08-18
230980,2020-08-19
225020,2020-08-20
229370,2020-08-22
231180,2020-08-23
234610,2020-08-24
235300,2020-08-25
234200,2020-08-26
231020,2020-08-27
243600,2020-08-31
244270,2020-09-01
243100,2020-09-02
224520,2020-09-03
246680,2020-09-05
246680,2020-09-06
251210,2020-09-07
254690,2020-09-08
253710,2020-09-09
228000,2020-09-10
268420,2020-09-12
264520,2020-09-13
268920,2020-09-14
269020,2020-09-15
268850,2020-09-16
267970,2020-09-17
272480,2020-09-19
271860,2020-09-20
274970,2020-09-21
280930,2020-09-22
287440,2020-09-23
277970,2020-09-24
291240,2020-09-26
295300,2020-09-27
294240,2020-09-28
297730,2020-09-29
299730,2020-09-30
289040,2020-10-01
285030,2020-10-03
294210,2020-10-04
295960,2020-10-05
296740,2020-10-06
292020,2020-10-07
308810,2020-10-10
314460,2020-10-11
318020,2020-10-12
317330,2020-10-13
321330,2020-10-14
318526,2020-10-15
303540,2020-10-18
266980,2020-10-19
294020,2020-10-20
296440,2020-10-21
293750,2020-10-22
290000,2020-10-24
286980,2020-10-26
285440,2020-10-27
280960,2020-10-28
277500,2020-10-29
276960,2020-10-31
289940,2020-11-01
282420,2020-11-02
269990,2020-11-04
259431,2020-11-05
251960,2020-11-07
267260,2020-11-08
275990,2020-11-09
272970,2020-11-10
273010,2020-11-11
268520,2020-11-12
285550,2020-11-14
260050,2020-11-15
262770,2020-11-16
260480,2020-11-17
259510,2020-11-18
256200,2020-11-19
258050,2020-11-21
259020,2020-11-22
253030,2020-11-23
249470,2020-11-24
246960,2020-11-25
247570,2020-11-26
251490,2020-11-28
254540,2020-11-29
262480,2020-11-30
258460,2020-12-01
260960,2020-12-02
257861,2020-12-03
258640,2020-12-05
258210,2020-12-06
259260,2020-12-07
262680,2020-12-08
261150,2020-12-09
260650,2020-12-10
258760,2020-12-12
258540,2020-12-13
259960,2020-12-14
257760,2020-12-15
260210,2020-12-16
258020,2020-12-17
255440,2020-12-19
256040,2020-12-20
256820,2020-12-21
259280,2020-12-22
259120,2020-12-23
258620,2020-12-24
257740,2020-12-26
257440,2020-12-27
257150,2020-12-28
257350,2020-12-29
257240,2020-12-30
256294,2020-12-31
257140,2021-01-02
258980,2021-01-03
260980,2021-01-04
258530,2021-01-05
254850,2021-01-06
255510,2021-01-07
248770,2021-01-09
248740,2021-01-10
249180,2021-01-11
244430,2021-01-12
238540,2021-01-13
239530,2021-01-14
229470,2021-01-16
219830,2021-01-18
226450,2021-01-19
227870,2021-01-20
226550,2021-01-21
234620,2021-01-23
233540,2021-01-24
234310,2021-01-25
238030,2021-01-26
239650,2021-01-27
232110,2021-01-28
244440,2021-01-30
240850,2021-01-31
243480,2021-02-01
239490,2021-02-02
239070,2021-02-03
237470,2021-02-04
243850,2021-02-06
249780,2021-02-07
251480,2021-02-08
241030,2021-02-09
246960,2021-02-11
257450,2021-02-13
254980,2021-02-14
261450,2021-02-15
258030,2021-02-16
259450,2021-02-17
251710,2021-02-18
247040,2021-02-20
245040,2021-02-21
251390,2021-02-22
254010,2021-02-23
248210,2021-02-24
253450,2021-02-27
254250,2021-02-28
252670,2021-03-01
253090,2021-03-02
249760,2021-03-03
246610,2021-03-04
247760,2021-03-06
247060,2021-03-07
246480,2021-03-08
245830,2021-03-09
242420,2021-03-10
246540,2021-03-13
247240,2021-03-14
248510,2021-03-15
248990,2021-03-16
251340,2021-03-17
239630,2021-03-18
251487,2021-03-25
256240,2021-03-27
252330,2021-03-28
257960,2021-03-30
257520,2021-03-31
249460,2021-04-03
249240,2021-04-04
252450,2021-04-05
250610,2021-04-06
247990,2021-04-07
244660,2021-04-08
247490,2021-04-10
249950,2021-04-11
250320,2021-04-12
248970,2021-04-13
250150,2021-04-14
239870,2021-04-15
246180,2021-04-17
240540,2021-04-18
241810,2021-04-19
241840,2021-04-20
238640,2021-04-21
233300,2021-04-22
237320,2021-04-24
236920,2021-04-25
236670,2021-04-26
237210,2021-04-27
235220,2021-04-28
232310,2021-04-29
221710,2021-05-01
220360,2021-05-02
220210,2021-05-03
216990,2021-05-05
206480,2021-05-06
216460,2021-05-08
221520,2021-05-09
221816,2021-05-10
221850,2021-05-11
225850,2021-05-12
220500,2021-05-15
228860,2021-05-16
231150,2021-05-17
228240,2021-05-18
230020,2021-05-19
223000,2021-05-20
230650,2021-05-22
232790,2021-05-23
231240,2021-05-24
232150,2021-05-25
232390,2021-05-26
226470,2021-05-27
234660,2021-05-29
238570,2021-05-30
234060,2021-05-31
234160,2021-06-01
237430,2021-06-02
234330,2021-06-03
239410,2021-06-07
241410,2021-06-08
239170,2021-06-09
239230,2021-06-10
240990,2021-06-12
239740,2021-06-13
240450,2021-06-14
241810,2021-06-15
244320,2021-06-16
244290,2021-06-17
239490,2021-06-19
241070,2021-06-20
242590,2021-06-21
241790,2021-06-22
241890,2021-06-23
241890,2021-06-24
246740,2021-06-26
247080,2021-06-27
249660,2021-06-28
253990,2021-06-29
251530,2021-06-30
251510,2021-07-01
251500,2021-07-03
249590,2021-07-04
250990,2021-07-05
250870,2021-07-06
250210,2021-07-07
249652,2021-07-08
249990,2021-07-10
249800,2021-07-11
247490,2021-07-12
246110,2021-07-13
246990,2021-07-14
246990,2021-07-15
245440,2021-07-17
244670,2021-07-18
245300,2021-07-19
245190,2021-07-20
246280,2021-07-22
247790,2021-07-24
250560,2021-07-25
251720,2021-07-26
256140,2021-07-27
255990,2021-07-28
254890,2021-07-31
255190,2021-08-01
257330,2021-08-02
256240,2021-08-03
256240,2021-08-04
256280,2021-08-05
256790,2021-08-07
259170,2021-08-08
263190,2021-08-09
266160,2021-08-10
264320,2021-08-11
264290,2021-08-12
269070,2021-08-14
269130,2021-08-15
269090,2021-08-16
268990,2021-08-17
274580,2021-08-21
276660,2021-08-22
276490,2021-08-23
278490,2021-08-24
278990,2021-08-25
278990,2021-08-26
275990,2021-08-28
270690,2021-08-29
274280,2021-08-30
270350,2021-08-31
272790,2021-09-01
272910,2021-09-02
270670,2021-09-04
271120,2021-09-05
273810,2021-09-06
276810,2021-09-07
278410,2021-09-08
278270,2021-09-09
272390,2021-09-11
273130,2021-09-12
276410,2021-09-13
273170,2021-09-14
274510,2021-09-15
274460,2021-09-16
274710,2021-09-18
274430,2021-09-19
274070,2021-09-20
274030,2021-09-21
275210,2021-09-22
276810,2021-09-23
275590,2021-09-25
276810,2021-09-26
280560,2021-09-28
282430,2021-09-29
284710,2021-09-30
280460,2021-10-02
281380,2021-10-03
281360,2021-10-04
279320,2021-10-06
275690,2021-10-09
275136,2021-10-10
273360,2021-10-11
271670,2021-10-12
270700,2021-10-13
270870,2021-10-14
271810,2021-10-16
272530,2021-10-17
274750,2021-10-18
273060,2021-10-19
274210,2021-10-20
274150,2021-10-21
276030,2021-10-23
275610,2021-10-25
276870,2021-10-26
276670,2021-10-27
276570,2021-10-28
275760,2021-10-30
275040,2021-10-31
276030,2021-11-01
278980,2021-11-02
276570,2021-11-03
276510,2021-11-04
279880,2021-11-06
280250,2021-11-07
281060,2021-11-08
283760,2021-11-09
284240,2021-11-10
284240,2021-11-11
285240,2021-11-13
280400,2021-11-14
281480,2021-11-15
283540,2021-11-16
281400,2021-11-17
278980,2021-11-18
282890,2021-11-20
284400,2021-11-21
286440,2021-11-22
291660,2021-11-23
289770,2021-11-24
288080,2021-11-25
294720,2021-11-27
294350,2021-11-28
290540,2021-11-29
291900,2021-11-30
293390,2021-12-01
273240,2021-12-02
303380,2021-12-04
309710,2021-12-05
306930,2021-12-06
307010,2021-12-07
307060,2021-12-08
277040,2021-12-09
301600,2021-12-11
297720,2021-12-12
302220,2021-12-13
301340,2021-12-14
299500,2021-12-15
274170,2021-12-16
299100,2021-12-18
300710,2021-12-19
301780,2021-12-20
300770,2021-12-21
300730,2021-12-22
300131,2021-12-23
299370,2021-12-25
298570,2021-12-26
295210,2021-12-27
296590,2021-12-28
298180,2021-12-29
273880,2021-12-30
295480,2022-01-01
292650,2022-01-02
290320,2022-01-03
286430,2022-01-04
283735,2022-01-05
273750,2022-01-08
278820,2022-01-09
280380,2022-01-10
277090,2022-01-11
279600,2022-01-12
266620,2022-01-13
275080,2022-01-15
273030,2022-01-16
273430,2022-01-17
274740,2022-01-18
275140,2022-01-19
275250,2022-01-20
277690,2022-01-22
279650,2022-01-23
277790,2022-01-24
278580,2022-01-25
277900,2022-01-26
277710,2022-01-27
278820,2022-01-29
276910,2022-01-30
274600,2022-01-31
272540,2022-02-01
272810,2022-02-02
272650,2022-02-03
267600,2022-02-05
264600,2022-02-06
260520,2022-02-07
262240,2022-02-08
262320,2022-02-09
262270,2022-02-10
268670,2022-02-12
269650,2022-02-13
269153,2022-02-14
263120,2022-02-16
262430,2022-02-17
254170,2022-02-19
257920,2022-02-20
260570,2022-02-21
259490,2022-02-22
261550,2022-02-23
261440,2022-02-24
259850,2022-02-26
259790,2022-02-27
259650,2022-02-28
256070,2022-03-02
256150,2022-03-03
254400,2022-03-05
258110,2022-03-06
260380,2022-03-07
257590,2022-03-08
256810,2022-03-09
256960,2022-03-10
264360,2022-03-12
262760,2022-03-13
263680,2022-03-14
263770,2022-03-15
262240,2022-03-16
262300,2022-03-17
262520,2022-03-19
262740,2022-03-26
266450,2022-03-27
270430,2022-03-28
270500,2022-03-29
271260,2022-03-30
271140,2022-03-31
271950,2022-04-03
277170,2022-04-04
273940,2022-04-05
276030,2022-04-06
274830,2022-04-07
279950,2022-04-09
280580,2022-04-10
281130,2022-04-11
278170,2022-04-12
277910,2022-04-13
277910,2022-04-14
279170,2022-04-16
276690,2022-04-17
275810,2022-04-18
277460,2022-04-19
278620,2022-04-20
278640,2022-04-21
278420,2022-04-24
279220,2022-04-25
280920,2022-04-26
281530,2022-04-27
279800,2022-04-28
281580,2022-04-30
282540,2022-05-01
280210,2022-05-02
280560,2022-05-05
283650,2022-05-07
285460,2022-05-08
291070,2022-05-09
275432,2022-05-10
255800,2022-05-11
255900,2022-05-12
305670,2022-05-14
305340,2022-05-15
302320,2022-05-16
301120,2022-05-17
299020,2022-05-18
299560,2022-05-19
303230,2022-05-21
302440,2022-05-22
301870,2022-05-23
301240,2022-05-24
303040,2022-05-25
303677,2022-05-26
305660,2022-05-28
308360,2022-05-29
310030,2022-05-30
315180,2022-05-31
312860,2022-06-01
312934,2022-06-02
317910,2022-06-06
317030,2022-06-07
320160,2022-06-08
321300,2022-06-09
329400,2022-06-11
326640,2022-06-12
321360,2022-06-13
315680,2022-06-14
316950,2022-06-15
317768,2022-06-16
316800,2022-06-18
317100,2022-06-19
316850,2022-06-20
319780,2022-06-21
317770,2022-06-22
317277,2022-06-23
313420,2022-06-25
305120,2022-06-26
307260,2022-06-27
311750,2022-06-28
319930,2022-06-29
321439,2022-06-30
321890,2022-07-02
318200,2022-07-03
314150,2022-07-04
315330,2022-07-05
312560,2022-07-06
314038,2022-07-07
315343,2022-07-09
316080,2022-07-11
316030,2022-07-12
320770,2022-07-13
322036,2022-07-14
321260,2022-07-16
318885,2022-07-17
318000,2022-07-19
318700,2022-07-20
318830,2022-07-21
320470,2022-07-23
318480,2022-07-24
319630,2022-07-25
320050,2022-07-26
319210,2022-07-27
319239,2022-07-28
317760,2022-07-30
317030,2022-07-31
316490,2022-08-01
311750,2022-08-02
315070,2022-08-03
315154,2022-08-04
317772,2022-08-06
311580,2022-08-09
311810,2022-08-10
310026,2022-08-11
303110,2022-08-13
302030,2022-08-14
302380,2022-08-15
297730,2022-08-16
300350,2022-08-17
289976,2022-08-18
290510,2022-08-20
293440,2022-08-21
293350,2022-08-22
290870,2022-08-23
297120,2022-08-24
297751,2022-08-25
295740,2022-08-27
297120,2022-08-28
298580,2022-08-29
299530,2022-08-30
299030,2022-08-31
298470,2022-09-01
302640,2022-09-03
302260,2022-09-04
302420,2022-09-05
302150,2022-09-06
302380,2022-09-07
302410,2022-09-08
309100,2022-09-10
309760,2022-09-11
317060,2022-09-12
313750,2022-09-13
315540,2022-09-14
315560,2022-09-15
316540,2022-09-18
316740,2022-09-19
317130,2022-09-20
316730,2022-09-21
316660,2022-09-22
317010,2022-09-24
316810,2022-09-26
318440,2022-09-28
318480,2022-09-29
331520,2022-10-01
332420,2022-10-02
330950,2022-10-03
331020,2022-10-04
326316,2022-10-06
323070,2022-10-08
324910,2022-10-09
327410,2022-10-10
326480,2022-10-11
329540,2022-10-12
329460,2022-10-13
331210,2022-10-15
328570,2022-10-16
328450,2022-10-17
327940,2022-10-18
326510,2022-10-19
326550,2022-10-20
328120,2022-10-22
327630,2022-10-23
328700,2022-10-24
328880,2022-10-25
330570,2022-10-26
330520,2022-10-27
329740,2022-10-29
332450,2022-10-30
334720,2022-10-31
346060,2022-11-01
348640,2022-11-02
350163,2022-11-03
362640,2022-11-05
361970,2022-11-06
361830,2022-11-07
354010,2022-11-08
350590,2022-11-09
350590,2022-11-10
354420,2022-11-12
358010,2022-11-13
355950,2022-11-14
354669,2022-11-15
349704,2022-11-16
347510,2022-11-17
353091,2022-11-19
357042,2022-11-20
356580,2022-11-21
355126,2022-11-22
354593,2022-11-23
349900,2022-11-24
360114,2022-11-26
360350,2022-11-27
355050,2022-11-28
357000,2022-11-29
358880,2022-11-30
357950,2022-12-01
363110,2022-12-03
363150,2022-12-04
361870,2022-12-05
362890,2022-12-06
363960,2022-12-07
370189,2022-12-08
372820,2022-12-10
379560,2022-12-11
385170,2022-12-12
383390,2022-12-13
378280,2022-12-14
378280,2022-12-15
393270,2022-12-17
396790,2022-12-18
391460,2022-12-19
396330,2022-12-20
397610,2022-12-21
390500,2022-12-22
410030,2022-12-24
414940,2022-12-25
397210,2022-12-26
434360,2022-12-28
416150,2022-12-29
411740,2022-12-31
409530,2023-01-01
397380,2023-01-02
397550,2023-01-03
400620,2023-01-04
394830,2023-01-05
410890,2023-01-07
406800,2023-01-08
407650,2023-01-09
408300,2023-01-10
411620,2023-01-11
409413,2023-01-12
409770,2023-01-14
411170,2023-01-15
418810,2023-01-16
431800,2023-01-17
428320,2023-01-18
439761,2023-01-19
449400,2023-01-21
448320,2023-01-22
435850,2023-01-23
437620,2023-01-24
445560,2023-01-25
438080,2023-01-26
448210,2023-01-28
446050,2023-01-29
447300,2023-01-30
447040,2023-01-31
450100,2023-02-01
449250,2023-02-02
449400,2023-02-05
442370,2023-02-06
445610,2023-02-07
449540,2023-02-08
450651,2023-02-09
456050,2023-02-12
459070,2023-02-13
472170,2023-02-14
457108,2023-02-15
451120,2023-02-16
499020,2023-02-19
498910,2023-02-20
511050,2023-02-21
522320,2023-02-22
525831,2023-02-23
584930,2023-02-25
584380,2023-02-26
559340,2023-02-27
556510,2023-02-28
556550,2023-03-01
556478,2023-03-02
509000,2023-03-04
511040,2023-03-05
503480,2023-03-06
509070,2023-03-07
492988,2023-03-09
445050,2023-03-11
452840,2023-03-12
470800,2023-03-13
469470,2023-03-14
465570,2023-03-15
467919,2023-03-16
480910,2023-03-18
481014,2023-03-19
507910,2023-03-25
510920,2023-03-26
511900,2023-03-27
511750,2023-03-28
549040,2023-03-29
546655,2023-03-30
511080,2023-04-03
511080,2023-04-04
507990,2023-04-05
510483,2023-04-06
503080,2023-04-08
504600,2023-04-09
508880,2023-04-10
510540,2023-04-11
510019,2023-04-13
512590,2023-04-15
514550,2023-04-16
517570,2023-04-17
517080,2023-04-18
513880,2023-04-19
516069,2023-04-20
517759,2023-04-24
517810,2023-04-25
535050,2023-04-26
532830,2023-04-27
549090,2023-04-29
557350,2023-04-30
546450,2023-05-01
540200,2023-05-02
541800,2023-05-03
536840,2023-05-04
527520,2023-05-06
535870,2023-05-07
531720,2023-05-08
529510,2023-05-09
530410,2023-05-10
530360,2023-05-11
513810,2023-05-13
521060,2023-05-14
515020,2023-05-15
512090,2023-05-17
510980,2023-05-18
518530,2023-05-20
523310,2023-05-21
522510,2023-05-22
515040,2023-05-23
516190,2023-05-24
514320,2023-05-25
515170,2023-05-27
518350,2023-05-28
513420,2023-05-29
509580,2023-05-30
513330,2023-05-31
510890,2023-06-01
509250,2023-06-03
496350,2023-06-06
492900,2023-06-07
490840,2023-06-08
470090,2023-06-10
481970,2023-06-11
499100,2023-06-12
488580,2023-06-13
488020,2023-06-14
488100,2023-06-15
492280,2023-06-17
486810,2023-06-18
489740,2023-06-19
485880,2023-06-20
497310,2023-06-21
497130,2023-06-22
499510,2023-06-24
497970,2023-06-25
492920,2023-06-26
492350,2023-06-27
492800,2023-06-28
499930,2023-07-01
502990,2023-07-02
502840,2023-07-03
503100,2023-07-04
503130,2023-07-05
503130,2023-07-06
499630,2023-07-08
498290,2023-07-09
491460,2023-07-10
492430,2023-07-11
492610,2023-07-12
492610,2023-07-13
483700,2023-07-15
488180,2023-07-16
488170,2023-07-17
484700,2023-07-18
486370,2023-07-19
486370,2023-07-20
483360,2023-07-22
486140,2023-07-23
488370,2023-07-24
490250,2023-07-25
488990,2023-07-26
487970,2023-07-29
493660,2023-07-30
500700,2023-07-31
500700,2023-08-01
500090,2023-08-02
498670,2023-08-03
496320,2023-08-05
496440,2023-08-06
493500,2023-08-07
495420,2023-08-08
496590,2023-08-09
496730,2023-08-10
491420,2023-08-12
492960,2023-08-13
492480,2023-08-14
489440,2023-08-15
488580,2023-08-16
488580,2023-08-17
487920,2023-08-19
486950,2023-08-20
492730,2023-08-21
490230,2023-08-22
491670,2023-08-23
491670,2023-08-24
491620,2023-08-26
490130,2023-08-27
490760,2023-08-28
491010,2023-08-29
490200,2023-08-30
490200,2023-08-31
496660,2023-09-02
496400,2023-09-03
496040,2023-09-04
496040,2023-09-05
495910,2023-09-07
496650,2023-09-09
495750,2023-09-10
497000,2023-09-11
499310,2023-09-12
499310,2023-09-13
495330,2023-09-17
496450,2023-09-18
491150,2023-09-19
493930,2023-09-20
493930,2023-09-21
493580,2023-09-23
495020,2023-09-25
494480,2023-09-26
497380,2023-09-27
495380,2023-09-28
495540,2023-09-30
496500,2023-10-01
496240,2023-10-02
499010,2023-10-04
498970,2023-10-05
524400,2023-10-07
527530,2023-10-08
520570,2023-10-09
517730,2023-10-10
515530,2023-10-11
511700,2023-10-12
507520,2023-10-14
502980,2023-10-15
509920,2023-10-16
513360,2023-10-17
512530,2023-10-18
508805,2023-10-19
506380,2023-10-21
506362,2023-10-22
506160,2023-10-23
507540,2023-10-24
511860,2023-10-25
516090,2023-10-26
521490,2023-10-28
513390,2023-10-29
514600,2023-10-30
516380,2023-10-31
516860,2023-11-01
521350,2023-11-02
511400,2023-11-04
512360,2023-11-05
513520,2023-11-06
512190,2023-11-07
510520,2023-11-08
513530,2023-11-09
513250,2023-11-11
513370,2023-11-12
511800,2023-11-13
511510,2023-11-14
509070,2023-11-15
509430,2023-11-16
506400,2023-11-18
503040,2023-11-19
504010,2023-11-20
501990,2023-11-21
502190,2023-11-22
503740,2023-11-23
504280,2023-11-25
502510,2023-11-26
504240,2023-11-27
506232,2023-11-28
507010,2023-11-29
506950,2023-11-30
504830,2023-12-02
505910,2023-12-03
506510,2023-12-04
505010,2023-12-05
504240,2023-12-06
505170,2023-12-07
505310,2023-12-09
505350,2023-12-10
506170,2023-12-11
504640,2023-12-12
504460,2023-12-13
504670,2023-12-14
504670,2023-12-16
502380,2023-12-18
500560,2023-12-19
500712,2023-12-20
500760,2023-12-21
503010,2023-12-23
500690,2023-12-24
500890,2023-12-25
501040,2023-12-26
503450,2023-12-27
503190,2023-12-28
506160,2023-12-30
505630,2023-12-31
505980,2024-01-01
506430,2024-01-02
508290,2024-01-03
514170,2024-01-04
509740,2024-01-06
509760,2024-01-07
509490,2024-01-08
514840,2024-01-09
519780,2024-01-10
516020,2024-01-11
524680,2024-01-13
520860,2024-01-14
524630,2024-01-15
529040,2024-01-16
536510,2024-01-17
540290,2024-01-18
542230,2024-01-20
539080,2024-01-21
540510,2024-01-22
548920,2024-01-23
556590,2024-01-24
563000,2024-01-27
558630,2024-01-28
582990,2024-01-29
582890,2024-01-30
584030,2024-01-31
576496,2024-02-01
563780,2024-02-03
551370,2024-02-04
553880,2024-02-05
557015,2024-02-06
557380,2024-02-07
549020,2024-02-10
551950,2024-02-12
554690,2024-02-13
555800,2024-02-14
560270,2024-02-15
563020,2024-02-17
571300,2024-02-18
570360,2024-02-19
565060,2024-02-20
570290,2024-02-21
572710,2024-02-22
572670,2024-02-24
582491,2024-02-26
586050,2024-02-27
581090,2024-02-28
584660,2024-02-29
593130,2024-03-02
593390,2024-03-03
605020,2024-03-04
609470,2024-03-05
609890,2024-03-06
605639,2024-03-07
605340,2024-03-09
592850,2024-03-10
599410,2024-03-11
597090,2024-03-12
595340,2024-03-13
593800,2024-03-14
601080,2024-03-16
600260,2024-03-17
603510,2024-03-18
618100,2024-03-24
614030,2024-03-25
608380,2024-03-26
613950,2024-03-27
616580,2024-03-28
618334,2024-03-30
632900,2024-04-02
634740,2024-04-03
641000,2024-04-04
647000,2024-04-06
640000,2024-04-07
608700,2024-04-08
637000,2024-04-09
641000,2024-04-13
618800,2024-04-14
638400,2024-04-15
619200,2024-04-16
597900,2024-04-17
600900,2024-04-18
629000,2024-04-20
627600,2024-04-21
640100,2024-04-22
618300,2024-04-23
613700,2024-04-24
644200,2024-04-25
600600,2024-04-27
620100,2024-04-28
627500,2024-04-29
644100,2024-04-30
631000,2024-05-01
597300,2024-05-02
606100,2024-05-05
602200,2024-05-06
597200,2024-05-07
599500,2024-05-08
634600,2024-05-09
633700,2024-05-11
601600,2024-05-12
629000,2024-05-13
595000,2024-05-14
597300,2024-05-15
600600,2024-05-16
607700,2024-05-18
608600,2024-05-19
605600,2024-05-20
604700,2024-05-21
601000,2024-05-22
600700,2024-05-23
614500,2024-05-25
612200,2024-05-26
614100,2024-05-27
598200,2024-05-28
616500,2024-05-29
605400,2024-05-30
599600,2024-06-01
603100,2024-06-02
599800,2024-06-05
601900,2024-06-06
603900,2024-06-08
611600,2024-06-09
608500,2024-06-10
609900,2024-06-11
608300,2024-06-12
615900,2024-06-13
596500,2024-06-15
602600,2024-06-16
604700,2024-06-18
596100,2024-06-19
614800,2024-06-20
601200,2024-06-22
602700,2024-06-23
604500,2024-06-24
601200,2024-06-26
603200,2024-06-27
610200,2024-06-29
616910,2024-06-30
613620,2024-07-01
608140,2024-07-02
603750,2024-07-03
608760,2024-07-04
598300,2024-07-06
588510,2024-07-07
588520,2024-07-08
588790,2024-07-09
585100,2024-07-10
579650,2024-07-11
579900,2024-07-13
579170,2024-07-14
573300,2024-07-17
572200,2024-07-18
575770,2024-07-20
576110,2024-07-21
575960,2024-07-22
581760,2024-07-23
584600,2024-07-24
587610,2024-07-25
586460,2024-07-27
590840,2024-07-28
589400,2024-07-29
593500,2024-07-30
600400,2024-07-31
606000,2024-08-01
615270,2024-08-03
609000,2024-08-04
614900,2024-08-05
611400,2024-08-06
614010,2024-08-07
610000,2024-08-08
597700,2024-08-10
594100,2024-08-11
600250,2024-08-12
595700,2024-08-13
588350,2024-08-14
587650,2024-08-15
577050,2024-08-17
580500,2024-08-18
583100,2024-08-19
579850,2024-08-20
581600,2024-08-21
584100,2024-08-22
582650,2024-08-24
593200,2024-08-26
591250,2024-08-27
590000,2024-08-28
593950,2024-08-29
594800,2024-08-31
599000,2024-09-01
598900,2024-09-03
599000,2024-09-05
597500,2024-09-07
594500,2024-09-08
596750,2024-09-09
596150,2024-09-10
597500,2024-09-11
593900,2024-09-14
590400,2024-09-15
591000,2024-09-16
595150,2024-09-17
592350,2024-09-18
592300,2024-09-19
595500,2024-09-22
597800,2024-09-23
604850,2024-09-24
597150,2024-09-25
600300,2024-09-26
607000,2024-09-28
606100,2024-09-29
603750,2024-09-30
614950,2024-10-01
622550,2024-10-02
626900,2024-10-03
623900,2024-10-05
634550,2024-10-06
628450,2024-10-07
625450,2024-10-08
629350,2024-10-09
635500,2024-10-10
624950,2024-10-12
628450,2024-10-13
631500,2024-10-14
627650,2024-10-15
633350,2024-10-16
636600,2024-10-17
639600,2024-10-19
641950,2024-10-20
648550,2024-10-21
661500,2024-10-22
677300,2024-10-23
679500,2024-10-24
655300,2024-10-26
660850,2024-10-27
674800,2024-10-28
684000,2024-10-29
692400,2024-10-30
682300,2024-10-31
694800,2024-11-02
693250,2024-11-03
689600,2024-11-04
688900,2024-11-05
696250,2024-11-06
690450,2024-11-07
692200,2024-11-09
682650,2024-11-10
669200,2024-11-11
678200,2024-11-12
684400,2024-11-13
683300,2024-11-14
682400,2024-11-16
681750,2024-11-17
684450,2024-11-18
689050,2024-11-19
689300,2024-11-20
692250,2024-11-21
699050,2024-11-23
689600,2024-11-24
693700,2024-11-25
695950,2024-11-26
699050,2024-11-27
701400,2024-11-28
704000,2024-11-30
699000,2024-12-01
704150,2024-12-02
710950,2024-12-03
714800,2024-12-04
715600,2024-12-07
719200,2024-12-08
718850,2024-12-09
723200,2024-12-10
731950,2024-12-11
729600,2024-12-12
747150,2024-12-14
747100,2024-12-15
759500,2024-12-16
766300,2024-12-17
773650,2024-12-18
767550,2024-12-19
762400,2024-12-21
762800,2024-12-22
778800,2024-12-23
786600,2024-12-24
785950,2024-12-25
793850,2024-12-26
810600,2024-12-28
797150,2024-12-29
813200,2024-12-30
813050,2024-12-31
812300,2025-01-01
806350,2025-01-02
798350,2025-01-04
795450,2025-01-05
793450,2025-01-06
800800,2025-01-07
804100,2025-01-08
813900,2025-01-09
819500,2025-01-11
806650,2025-01-12
814600,2025-01-13
804850,2025-01-15
800700,2025-01-16
805300,2025-01-18
806700,2025-01-19
810200,2025-01-20
823350,2025-01-21
825700,2025-01-22
839050,2025-01-23
833900,2025-01-25
838800,2025-01-26
839300,2025-01-27
832300,2025-01-29
835100,2025-01-30
837650,2025-02-01
840500,2025-02-02
838650,2025-02-03
845950,2025-02-04
852700,2025-02-05
854600,2025-02-06
889600,2025-02-08
913650,2025-02-09
881500,2025-02-11
883500,2025-02-12
890600,2025-02-13
906150,2025-02-15
907050,2025-02-16
908200,2025-02-17
919950,2025-02-18
921700,2025-02-19
930700,2025-02-20
935800,2025-02-22
927400,2025-02-23
913150,2025-02-24
918300,2025-02-25
925950,2025-02-26
925200,2025-02-27
921600,2025-03-01
922300,2025-03-02
907350,2025-03-03
904800,2025-03-04
884900,2025-03-05
891700,2025-03-06
